{
"width": 3699, "height": 3172,
"format": "jpg",
"type":"ptm",
"colorspace":"rgb",
"nplanes": 18,
"quality": 95,
"materials": [
{
 "scale": [2,2,2,2,2,2,2,2,2,2,2,2,2,2,2,2,2,2],
 "bias": [0.0117647,0.0117647,0.0117647,0.309804,0.309804,0.309804,0.294118,0.294118,0.294118,0.517647,0.517647,0.517647,0.313726,0.313726,0.313726,0.529412,0.529412,0.529412] }
]
}
